0.0,0.0,0.999019,0.198,0.099,0.0
-1.9284509406070352e-05,3.8568946292356093e-05,0.9951058620876416,0.18902360593713208,0.09450726496205547,-2.323644627721033e-06
-0.00011435530701742598,0.0002287096669220843,0.9912092860672213,0.1785929294275244,0.08928169226248787,-1.3317313929817358e-05
-0.00034251583800649714,0.0006850266085320934,0.9873273684193143,0.16685856644418082,0.08340075185831851,-3.8371644113079214e-05
-0.0007575040700018625,0.001514990890285512,0.9834573729924134,0.1539779083707902,0.07694526942675728,-8.129262617225961e-05
-0.0014091136123819486,0.0028181826252912157,0.9795959413525628,0.14011347698293805,0.06999844160463577,-0.00014425937748026004
-0.002342866977661677,0.004685638232392293,0.9757393088027593,0.12543125998022728,0.06264488428061181,-0.0002278534087546409
-0.00359974204109333,0.0071993047216295895,0.9718835176545939,0.11009905965188418,0.05496972566895259,-0.000331151954669864
-0.005215952158490803,0.010431601681994617,0.9680246200607002,0.09428486822919137,0.047057752758296115,-0.000451876155553439
-0.00722277984424454,0.014445090546858087,0.9641588636752606,0.07815528422344223,0.03899261675023086,-0.0005865836854828709
-0.009646463395751495,0.01929224967009395,0.9602828545467926,0.06187398445468336,0.030856100464093504,-0.0007308947723218794
-0.012508135379007095,0.025015352816861704,0.9563936929062998,0.04560026646943274,0.022727448516315772,-0.0008797403824903586
-0.01582381146296658,0.031646447853874805,0.9524890788384639,0.029487675589560766,0.014682759459004208,-0.001027621574386336
-0.019604427706112773,0.03920743170696255,0.948567386160095,0.01368272993144748,0.006794438002989534,-0.001168869587150551
-0.02385592405513956,0.047710217028156345,0.9446277041287642,-0.001676244581698006,-0.0008692950731476762,-0.0012978970604664375
-0.02857937150996493,0.05715698546842323,0.9406698478211305,-0.016460158861398493,-0.008244837782447192,-0.0014094318204795732
-0.03377114013855523,0.0675405219736818,0.9366943391170373,-0.030550076542221173,-0.015273588696359702,-0.001498725870488305
-0.03942310488669955,0.07884462410035645,0.9327023611713483,-0.043837994842486246,-0.021902277185500717,-0.001561733554233829
-0.045522885919896956,0.09104457997417995,0.928695690027605,-0.056227486349412895,-0.028083242991765258,-0.0015952542803425028
-0.05205412005559821,0.10410770818677866,0.9246766076106532,-0.06763419990921161,-0.03377466526006549,-0.0015970366758024047
-0.058996759693628005,0.11799395263633039,0.9206478007217603,-0.07798622094872638,-0.038940740512989666,-0.00156584253961586
-0.06632739553088247,0.13265652507176048,0.9166122508492697,-0.08722429354604626,-0.04355180857566206,-0.0015014704568211785
-0.07401959925413362,0.14804258789756627,0.9125731196072927,-0.09530190834509475,-0.04758442521163961,-0.0014047403660020275
-0.08204428234318836,0.16409396964339093,0.9085336344373439,-0.10218526193286707,-0.0510213802477549,-0.0012774417056276126
-0.09037006708716296,0.1807479054050486,0.9044969788717144,-0.10785309454533876,-0.0538516602533775,-0.0011222489511951506
-0.09896366592063195,0.19793779452834614,0.9004661911858136,-0.11229641393481521,-0.05607035537939868,-0.0009426093540907104
-0.10779026522502018,0.21559396783981064,0.8964440746861513,-0.11551811392993999,-0.057678510714573306,-0.0007426084684813147
-0.1168139098144852,0.23364445683421173,0.8924331222198859,-0.11753249667598323,-0.058682923425390034,-0.0005268195779289416
-0.1259978844347107,0.2520157574106721,0.8884354567808581,-0.11836470779405324,-0.05909588794358185,-0.0003001433941650333
-0.13530508874677585,0.2706335810081054,0.8844527893556159,-0.11805009378643577,-0.05893489248178817,-6.764439526373673e-05
-0.14469840244506177,0.28942358632518406,0.8804863944297979,-0.11663349098623144,-0.05822227112385438,0.00016561008849456276
-0.15414103736568527,0.3083120852160417,0.8765371028868874,-0.11416845524554381,-0.056984816590497825,0.00039470242072098776
-0.1635968736771699,0.32722671682415316,0.8726053114011558,-0.11071644141472416,-0.055253359474246186,0.0006150038982898026
-0.1730307775043009,0.34609708454502425,0.8686910068741893,-0.10634594151440524,-0.05306232023528949,0.0008222965776599105
-0.18240889761522144,0.3648553509836052,0.8647938040050271,-0.10113159036126068,-0.050449240534201883,0.0010128745173600096
-0.19169893909635588,0.383436786683817,0.8609129937282892,-0.09515324728640491,-0.04745430054671049,0.001183622255824334
-0.20087041224509844,0.4017802690438481,0.8570476000086985,-0.08849506248130445,-0.04411982877298507,0.0013320693412760326
-0.20989485522183135,0.41982872848057534,0.8531964423454415,-0.08124453641110427,-0.04048981054474643,0.001456420692892421
-0.21874602931636208,0.4375295395587381,0.8493582013129072,-0.07349158063447002,-0.03660940098226225,0.0015555634638057996
-0.22740008599524286,0.4548348554454321,0.8455314845386517,-0.06532758824391105,-0.03252444759972287,0.001629051867756381
-0.23583570520200975,0.4717018846793827,0.8417148906847958,-0.05684452197147983,-0.02828102714285506,0.0016770721014159927
-0.24403420467897427,0.48809310985002696,0.8379070692426797,-0.04813402777333739,-0.023925000606424843,0.0017003900301903283
-0.2519796203641338,0.5039764483578795,0.8341067742576945,-0.039286581397645445,-0.019501589756356092,0.0017002847003353045
-0.25965875818783607,0.5193253559706374,0.830312910455767,-0.03039067504286574,-0.0150549778996748,0.0016784709942027796
-0.26706121784930115,0.5341188743960072,0.8265245706284176,-0.021532050722524475,-0.010627937125479095,0.001637014863063447
-0.27417938939162184,0.5483416245604499,0.822741063533207,-0.012792986368322436,-0.006261483793234639,0.0015782445618642894
-0.2810084236144437,0.56198374771206,0.8189619319649497,-0.00425164003224311,-0.0019945636742736595,0.0015046611840557208
-0.2875461775654253,0.5750407968553467,0.8151869610358106,0.004018543198836854,0.0021362321455279856,0.001418851566036453
-0.2937931365342808,0.5875135813760084,0.8114161770564098,0.011949357770346409,0.006096919729215837,0.001323406315140056
-0.299752314136326,0.5994079680252875,0.8076498377244895,0.01947829475358633,0.009856342432530724,0.001220845328854555
-0.3054291322156871,0.6107346417066193,0.8038884145938795,0.02654892738292216,0.013386358197128587,0.0011135527333010254
-0.31083128242147146,0.6215088297424101,0.8001325690081749,0.03311122382856872,0.016661993602634227,0.0010037226935203612
-0.31596857141304036,0.6317499934960843,0.7963831228368619,0.03912178685391386,0.01966156442852052,0.0008933170545909852
-0.32085275173291833,0.6414814913840177,0.7926410254451406,0.044544020827634104,0.02236676263334576,0.0007840352785780997
-0.3254973404477088,0.6507302174334494,0.7889073183632263,0.049348227331147854,0.02476270984041038,0.0006772966647288146
-0.3299174276986263,0.6595262196256736,0.7851830990993683,0.05351163130911649,0.026837977631270993,0.0005742343950098082
-0.33412947732394416,0.6679023023084606,0.7814694854679526,0.05701834034617665,0.028584575193211177,0.00047570054824994947
-0.3381511217159756,0.6758936169675835,0.7777675816861483,0.059859240211918414,0.0299979051408826,0.00038228088587515853
-0.3420009530554829,0.6835372456146013,0.7740784473371372,0.06203183029677719,0.03107668862929936,0.0002943179399672208
-0.3456983130271554,0.6908717809770486,0.7704030701133648,0.06354000296545377,0.031822861185611076,0.00021194073660539504
-0.34926308306173454,0.6979369075687715,0.7667423430483641,0.06439377118560534,0.03224144099899952,0.00013509936738012146
-0.35271547707441353,0.704772987573622,0.7630970467294844,0.06460894905348191,0.03234037170908938,6.36025795024732e-05
-0.35607583857646136,0.7114206552969793,0.75946783676513,0.0642067900415382,0.03213034201099512,-2.843413245456124e-06
-0.35936444392895883,0.7179204237289785,0.7558552365671019,0.06321358794274258,0.03162458463818522,-6.459659661886988e-05
-0.3626013133856408,0.7243123065238294,0.7522596353088468,0.06166024558891498,0.030838657483262165,-0.00012204283784313307
-0.36580603143781787,0.7306354584345327,0.7486812907402806,0.05958181648170431,0.029790209764552846,-0.00017556291442437044
-0.3689975778300341,0.7369278369553958,0.7451203363846486,0.05701702449934839,0.028498736238936333,-0.00022550397661085414
-0.37219417046242953,0.7432258876199913,0.7415767925165577,0.0540077668333904,0.02698532249740056,-0.00027215626209176877
-0.3754131212366836,0.7495642550837418,0.7380505802254829,0.050598605268958985,0.025272384361016177,-0.00031573560209397216
-0.37867070573888995,0.7559755217923502,0.7345415378069321,0.04683625085076137,0.02338340432541015,-0.0003563719794589567
-0.38198204748669556,0.7624899757039769,0.7310494386939999,0.04276904687435497,0.02134266788745898,-0.0003941041325630568
-0.38536101730139705,0.7691354081983607,0.7275740101439374,0.03844645500771187,0.01917500243623109,-0.0004288799536349967
-0.3888201482001937,0.7759369429737571,0.7241149519252994,0.03391854918049927,0.01690552120938747,-0.0004605622139499845
-0.3923705660411048,0.7829168964060965,0.7206719543078841,0.029235521676925193,0.01455937461463878,-0.0004889389674865529
-0.396021935994675,0.7900946695272428,0.7172447147361198,0.024447205631972287,0.012161511001397545,-0.0005137378429512318
-0.3997824247638838,0.7974866714734763,0.7138329526622356,0.019602617860620467,0.009736448747541378,-0.0005346433337686174
-0.40365867832785707,0.8051062739636994,0.7104364221236967,0.014749525646427135,0.007308061306121444,-0.0005513161371153157
-0.4076558148471066,0.8129637960914652,0.7070549217650595,0.009934040781789315,0.004899376641435425,-0.000563413575187175
-0.4117774322390217,0.8210665184574721,0.7036883021227524,0.005200243790581245,0.002532392276225709,-0.0005706101521060975
-0.41602562981297575,0.829418725431086,0.7003364701077652,0.0005898408788162459,0.00022790697357374324,-0.0005726173545317653
-0.42040104324534644,0.8380217741119244,0.6969993907316031,-0.003858144244499735,-0.0019946301111615212,-0.0005692018885740682
-0.42490289207650184,0.8468741883664841,0.6936770862215239,-0.008107641950491885,-0.0041172521517451495,-0.0005602016547571183
-0.42952903882480575,0.8559717761409495,0.6903696327589655,-0.012125770374920167,-0.00612358875959904,-0.000545538890867023
-0.43427605873724817,0.865307768100245,0.687077155147858,-0.01588303032550853,-0.007998961156890643,-0.0005252300535875313
-0.4391393191326397,0.8748729755154713,0.6837998197755916,-0.019353460952418584,-0.009730458250103347,-0.0004993921579208327
-0.4441130672415426,0.8846559652173408,0.6805378262678775,-0.022514756130237956,-0.01130699359485358,-0.0004682454426925644
-0.44919052540728277,0.8946432493522044,0.6772913982594528,-0.02534834189194284,-0.012719343394984496,-0.00043211237547101096
-0.45436399248444775,0.9048194876196912,0.6740607737060094,-0.027839415626933976,-0.013960165829211828,-0.00039141314600400713
-0.459624950255078,0.9151676996366612,0.6708461951500075,-0.029976948102695668,-0.015024002146768398,-0.0003466579194393466
-0.4649641736780789,0.9256694850607501,0.6676479003257537,-0.031753649689936825,-0.015907260118908476,-0.00029843622554052453
-0.4703718437938929,0.9363052491177232,0.6644661134493558,-0.03316590246207948,-0.016608180574537088,-0.0002474039450714085
-0.4758376621237717,0.9470544312094494,0.6613010374892567,-0.03421366010024376,-0.017126787883894424,-0.00019426841762675598
-0.48135096543057837,0.9578957343326662,0.658152847655576,-0.0349003177636844,-0.017464825382091334,-0.00013977223547261762
-0.4869008397453477,0.968807353111743,0.6550216862841223,-0.03523255428277844,-0.01762567684212784,-8.467630537745829e-05
-0.49247623261018303,0.9797671983401222,0.6519076592263432,-0.035220149197409775,-0.017614275212603097,-2.974275576325703e-05
-0.4980660625427319,0.9907531160335695,0.64881083379221,-0.0348757772985538,-0.017436999926576203,2.4281758635785563e-05
-0.5036593247896636,1.0017430991222418,0.6457312382314645,-0.03421478343586689,-0.017101564163201285,7.668184580396107e-05
-0.5092451925054181,1.012715490046125,0.6426688626818742,-0.033254940430107405,-0.016616893501497337,0.00012678780920255653
-0.5148131125671052,1.0236491726678112,0.6396236614629345,-0.0320161929772923,-0.015992997445073508,0.00017398834541117213
-0.5203528953158765,1.0345237520759296,0.6365955565512093,-0.030520390452675922,-0.015240835317500786,0.00021774120777392553
-0.52585479759843,1.045319721019874,0.6335844420402449,-0.028791011517960007,-0.014372178030511478,0.0002575816224727034
-0.5313095985685619,1.0560186118897912,0.630590189364311,-0.026852883405619993,-0.013399467212026235,0.00029312833061672424
-0.5367086677969294,1.066603133333132,0.6276126530513316,-0.02473189870087103,-0.012335673149284784,0.00032408721568744406
-0.5420440253264709,1.0770572907784879,0.6246516767660991,-0.022454732365626652,-0.011194152955563126,0.0003502525570198096
-0.547308393400359,1.0873664903170706,0.6217070994096913,-0.020048561650911068,-0.009988510308808587,0.00037150602432932953
-0.5524952396780671,1.0975176255702497,0.6187787610541271,-0.01754079142575608,-0.008732458038864958,0.0003878135934560096
-0.5575988118422733,1.1074991473463744,0.615866508511636,-0.014958787312963667,-0.0074396847586833785,0.0003992206178339028
-0.5626141635841558,1.1173011160600945,0.6129702003642161,-0.012329618866727678,-0.006123726645864794,0.00040584533256936024
-0.5675371720364208,1.1269152370511422,0.6100897113100388,-0.009679814855649274,-0.0047978453857840915,0.00040787109780004944
-0.5723645468015028,1.1363348790957455,0.6072249357172653,-0.007035132529008701,-0.0034749131879648013,0.0004055377050869234
-0.5770938307961899,1.145555076551342,0.6043757903115008,-0.004420342546314744,-0.0021673056846707307,0.00039913207530266744
-0.581723393202934,1.1545725157130473,0.6015422159589952,-0.0018590310423519608,-0.0008868034160148622,0.00038897866957800855
-0.5862524148818523,1.1633855060875122,0.5987241785424996,0.0006265799154709785,0.0003554974997826191,0.0003754299174637601
-0.5906808666555035,1.1719939374056452,0.5959216689591667,0.0030157924412630268,0.0015492650182385628,0.00035885693996459635
-0.5950094809306229,1.180399223299539,0.5931347022990515,0.005289572703362225,0.0026850007552548117,0.0003396408111236241
-0.5992397171668554,1.1886042326603752,0.5903633162877804,0.007430669966200729,0.0037540992257394964,0.00031816456215576883
-0.6033737217419293,1.1966132097726903,0.5876075690971799,0.0094237144332059,0.004748896554367122,0.0002948060885887634
-0.6074142827955583,1.2044316843859446,0.5848675366427191,0.011255293739398028,0.005662708579695663,0.00026993207532391346
-0.6113647806605479,1.2120663729367191,0.5821433094963072,0.01291400815243734,0.0064898583714850565,0.00024389300876461072
-0.6152291345091235,1.2195250721740518,0.5794349895473593,0.0143905047422993,0.007225693276741423,0.00021701930084788793
-0.6190117458554417,1.226816546466529,0.5767426865442924,0.015677490970752127,0.007866591702176103,0.00018961850844975475
-0.6227174395616915,1.2339504100829626,0.5740665146431593,0.016769728330838802,0.0084099599287964,0.00016197359449991538
-0.6263514029953177,1.2409370057391416,0.5714065890804819,0.017664006832333764,0.008854219337570666,0.0001343421452692761
-0.6299191239789085,1.2477872806916526,0.5687630230741877,0.018359101280597687,0.009198784502839119,0.0001069564324485094
-0.6334263281624601,1.2545126616366373,0.5661359250405966,0.018855710432571334,0.009444032681675507,8.002418930219578e-05
-0.6368789164303751,1.261124929637205,0.5635253961974511,0.019156380234229917,0.009591265292065993,5.372995756599668e-05
-0.6402829029330211,1.267636096258732,0.5609315286038229,0.019265412448263745,0.009642662029936673,2.8236855791419384e-05
-0.6436443543053714,1.2740582820372435,0.5583544036681595,0.01918876006884122,0.00960122832418532,3.6886202245591055e-06
-0.6469693306035957,1.2804035983432989,0.5557940911365038,0.018933910991991963,0.009470736869518211,-1.9788224495595634e-05
-0.6502638284549277,1.2866840336332312,0.5532506485546921,0.01850976146550659,0.00925566400874735,-4.208219622673716e-05
-0.6535337268771724,1.2929113450021277,0.5507241211817353,0.01792648088149637,0.0089611217590957,-6.309480364488675e-05
-0.6567847361823499,1.2990969558696064,0.5482145423170773,0.017195369498210385,0.00859278629096481,-8.273870897304852e-05
-0.6600223503346834,1.3052518605412273,0.5457219339923953,0.01632871068578709,0.008156823672664053,-0.00010093618092163149
-0.663251803086962,1.311386536296319,0.5432463079693213,0.015339619283827528,0.007659813691048921,-0.00011761789119141358
-0.6664780281717447,1.317510863558117,0.5407876669780527,0.014241887637607965,0.007108672546259834,-0.00013272208514095987
-0.6697056237754274,1.3236340546054175,0.5383460061283114,0.013049830845069721,0.006510575199296212,-0.0001461941351015311
-0.6729388214743737,1.3297645911874503,0.5359213144234165,0.011778132699179855,0.005872878124596323,-0.00015798646416372695
-0.6761814597635847,1.3359101713063202,0.5335135763101694,0.010441693750671955,0.005203043186782361,-0.0001680588097721624
-0.6794369622602155,1.342077665335107,0.5311227732015519,0.009055482845449636,0.004508563321977975,-0.000176378780720789
-0.6827083206170796,1.34827308154538,0.5287488849155592,0.007634393410038388,0.0037968906603418136,-0.00018292264856673094
-0.6859980821355179,1.3545015410263614,0.5263918909814495,0.0061931056684436615,0.0030753676784192664,-0.00018767630534594523
-0.6893083420230391,1.3607672618899622,0.5240517717738838,0.004745955875718341,0.0023511619183185467,-0.0001906363138987661
-0.6926407401992938,1.3670735525721684,0.5217285094453851,0.003306813548618313,0.001631204756265812,-0.00019181097507148216
-0.695996462514561,1.3734228139623545,0.5194220886378785,0.001888967563133463,0.0009221346464538323,-0.00019122133739225822
-0.6993762462082681,1.3798165500186477,0.5171324969643324,0.0005050218736572395,0.0002302452078993977,-0.00018890207924922468
-0.7027803894013737,1.386255386459917,0.5148597252613443,-0.0008331985096469413,-0.0004385615371435806,-0.00018490220075013806
-0.7062087643859439,1.3927390970637445,0.5126037676225638,-0.002114730768854655,-0.001078816524254144,-0.00017928547186394798
-0.7096608344480856,1.3992666370451805,0.5103646212308279,-0.003329546356051493,-0.0016855194179243767,-0.00017213059462702003
-0.7131356739367175,1.405836182943472,0.5081422860135902,-0.004468611625538662,-0.002254168662083901,-0.00016353104960038417
-0.7166319912705531,1.4124451784034442,0.5059367641514833,-0.00552393686373433,-0.0027807857373762356,-0.00015359460983871195
-0.72014815455918,1.4190903852049728,0.5037480594735777,-0.006488613675813388,-0.0032619336089040035,-0.0001424425188370964
-0.7236822195012974,1.4257679388680102,0.50157617677506,-0.007356840800063419,-0.0036947294026991482,-0.0001302083417484225
-0.727231959213975,1.4324734081419472,0.4994211210936694,-0.008123938528065765,-0.004076851401456545,-0.00011703651114918169
-0.7307948956412009,1.4392018576765775,0.49728289698041017,-0.008786352010269893,-0.004406540499728607,-0.0001030805993726621
-0.7343683321879032,1.4459479131674715,0.4951615077979089,-0.00934164382154529,-0.004682596305469484,-8.85013585945685e-05
-0.7379493872269517,1.4527058282709204,0.49305695507650377,-0.009788476249196692,-0.004904368118219217,-7.346457719517829e-05
-0.7415350281312478,1.459469552592538,0.4909692379539298,-0.010126583846146555,-0.005071741054036423,-5.8138806264886504e-05
-0.7451221054907172,1.4662328000687668,0.4888983527195283,-0.010356736864057029,-0.005185117623260397,-4.269301338087079e-05
-0.7487073871846582,1.4729891170815888,0.4868442924784958,-0.01048069624471705,-0.005245395099082748,-2.7294221957317312e-05
-0.7522875919932566,1.4797319496732415,0.4848070469460357,-0.010501160902791693,-0.00525393904254891,-1.2105193631997142e-05
-0.7558594224479296,1.4864547092592908,0.4827866023756088,-0.010421708078849035,-0.005212553372848376,2.7177915618046337e-06
-0.7594195966382817,1.493150836274475,0.48078294162001756,-0.010246727578363339,-0.005123447390495248,1.7027006877929346e-05
-0.7629648787135628,1.4998138612258611,0.47879604431898837,-0.009981350740147433,-0.004989200175202044,3.0685157851956836e-05
-0.7664921078383855,1.506437462671476,0.4768258872024037,-0.009631374996477886,-0.004812722789915773,4.356703102923105e-05
-0.7699982253857908,1.5130155216891692,0.47487244449450844,-0.0092031848972067,-0.0045972187276707354,5.556088265358422e-05
-0.773480300175275,1.519542172449477,0.47293568840137584,-0.00870367047163622,-0.0043461430387221394,6.656954587678065e-05
-0.7769355515888542,1.5260118485571388,0.47101558966172064,-0.008140143795170428,-0.0040631605720070916,7.651124359537365e-05
-0.7803613704243337,1.5324193248780946,0.4691121181398213,-0.007520254613107478,-0.0037521037575263348,8.532010248246166e-05
-0.7837553373714419,1.5387597546217684,0.46722524343885063,-0.006851905851824211,-0.0034169303449790196,9.29463718799753e-05
-0.7871152390230711,1.5450287015016215,0.46535493551326995,-0.00614316981849388,-0.003061681499173588,9.935635870726901e-05
-0.7904390813603328,1.5512221668498933,0.46350116526005636,-0.005402205854891108,-0.002690440634666723,0.00010453209621660538
-0.7937251006761928,1.5573366116146012,0.4616639050703085,-0.004637180169332243,-0.002307293351055716,0.00010847077012105766
-0.7969717719279099,1.5633689732177947,0.4598431293251075,-0.0038561885239696836,-0.0019162888066900407,0.00011118393021650605
-0.8001778145331102,1.5693166773033203,0.4580388148222754,-0.003067182403130805,-0.0015214028426077171,0.00011269651904447342
-0.8033421956479133,1.575177644449544,0.4562509411237419,-0.0022778992328147587,-0.0011265031405796938,0.00011304575137010357
-0.8064641309878772,1.580950291967223,0.45447949081647404,-0.001495797162500271,-0.000735316669601321,0.00011227987929665553
-0.8095430832735019,1.586633530944703,0.45272444968320696,-0.0007279948587519381,-0.0003513996443427285,0.00011045687776121128
-0.8125787584014664,1.5922267587415326,0.45098580678242645,1.8783303577422545e-05,2.1889812706062468e-05,0.00010764308404735951
-0.8155710994605441,1.59772984716718,0.44926355444007376,0.0007382563317869993,0.0003814161460565224,0.00010391182292985131
-0.8185202787271484,1.6031431266136102,0.44755768815818187,0.00142462973236339,0.000724287852370077,9.934204627652429e-05
-0.8214266877896096,1.6084673664388427,0.44586820644803143,0.002072632465303846,0.001047875881987341,9.401701253274161e-05
-0.8242909259625122,1.61370375192314,0.4441951105973697,0.0026775476115569775,0.001349828895282045,8.802302767058283e-05
-0.827113787162684,1.6188538581400875,0.4425384043827287,0.0032352366933439277,0.0016280853440873903,8.144826506857584e-05
-0.8298962454267014,1.6239196211014524,0.4408980937388902,0.0037421576492861945,0.0018808823793908407,7.438167756323512e-05
-0.8326394392560438,1.6289033065473537,0.4392741863980728,0.004195376526131222,0.0021067616163326437,6.69120107366167e-05
-0.8353446549803257,1.6338074767619606,0.43766669151147014,0.004592573005948057,0.002304571816037229,5.9126922515340305e-05
-0.8380133093313645,1.6386349557997153,0.43607561926539207,0.004932039941523064,0.002473468570737055,5.1112210478179246e-05
-0.8406469314212791,1.6433887935080618,0.4345009805034876,0.005212677122928662,0.0026129111038171327,4.295114500175786e-05
-0.8432471443164073,1.648072228729958,0.43294278636542,0.00543397954452515,0.0027226563196384563,3.4723903593777905e-05
-0.8458156463956598,1.6526886520632507,0.4314010479509854,0.005596020483697114,0.0028027502591352507,2.650709952248288e-05
-0.8483541926771,1.657241568544432,0.429875776017087,0.005699429740183851,0.0028535171360938275,1.8373396177036552e-05
-0.8508645762901489,1.6617345606116523,0.42836698071326207,0.005745367417751595,0.0028755461456038468,1.0391197489681077e-05
-0.8533486102629732,1.6661712516862983,0.4268746713596903,0.005735493658039203,0.0028696762503457574,2.624404198497244e-06
-0.8558081097854727,1.670555270694265,0.4253988562698512,0.005671934759603726,0.002836979162087022,-4.867774308684541e-06
-0.8582448750979461,1.6748902178274905,0.4239395426183045,0.005557246133462051,0.0027787407449762413,-1.2030962407721173e-05
-0.860660675144138,1.679179631823675,0.42249673635250873,0.005394372559780675,0.0026964410739468464,-1.8815723934961086e-05
-0.8630572321151085,1.6834269590176616,0.4210704421461977,0.005186606218863523,0.002591733385793737,-2.517763906664013e-05
-0.8654362069973425,1.6876355243920003,0.4196606633906594,0.004937542973326545,0.0024664221623150414,-3.107735892198736e-05
-0.8677991862249059,1.6918085048270721,0.4182674022193144,0.004651037377465931,0.0023224405843878513,-3.64806429268726e-05
-0.8701476695213974,1.6959489047230825,0.41689065956030097,0.004331156884500801,0.0021618275930634606,-4.135838240815254e-05
-0.8724830590030843,1.7000595341375841,0.41553043521133737,0.003982135712811371,0.001986704788836009,-4.568661233910105e-05
-0.8748066496001072,1.7041429895532045,0.4141867279309495,0.003608328818742372,0.0017992533932875163,-4.944651169548908e-05
-0.8771196208381219,1.7082016373612583,0.4128595355402072,0.0032141664062689972,0.0016016914884862074,-5.2624391572543456e-05
-0.8794230300083606,1.7122376001181752,0.41154885502938277,0.0028041093831244236,0.0013962517389706794,-5.5211669106446977e-05
-0.8817178067399735,1.7162527456034242,0.4102546826644071,0.0023826061491807496,0.0011851597890572979,-5.720482437910428e-05
-0.884004748974765,1.7202486786801392,0.4089770140886155,0.0019540510762939118,0.0009706135147376632,-5.8605336887406676e-05
-0.8862845203312104,1.7242267359331536,0.40771584441600794,0.0015227450098168986,0.0007547632947685338,-5.941959784089136e-05
-0.8885576488319928,1.7281879830338644,0.4064711683130707,0.0010928580909144205,0.0005396934498833845,-5.9658794514529224e-05
-0.8908245269573836,1.7321332147574615,0.4052429800670623,0.000668395166042813,0.0003274049825597411,-5.9338763114622396e-05
-0.8930854129756456,1.7360629575557305,0.40403127363953945,0.000253164015861744,0.00011979973264639918,-5.8479807093154875e-05
-0.8953404334913694,1.7399774745680623,0.4028360427047349,-0.0001492533992109752,-8.133395342541004e-05,-5.710647853818731e-05
-0.897589587143314,1.7438767729345583,0.40165728067318335,-0.0005355265152373685,-0.0002743339599712917,-5.524732113665956e-05
-0.8998327493749743,1.747760613258364,0.40049498070168976,-0.0009025984371063209,-0.0004576754839878652,-5.293457420773598e-05
-0.9020696781937687,1.7516285210496474,0.3993491356913246,-0.0012477048170711396,-0.0006299804176173841,-5.020383839291491e-05
-0.9043000208284859,1.755479799971041,0.3982197382756044,-0.0015683892848744982,-0.0007900250046870463,-4.7093704715697084e-05
-0.9065233211894381,1.7593135466939398,0.3971067808013575,-0.001862515409404674,-0.0009367457620886151,-4.364534984159301e-05
-0.908739028031685,1.7631286671667763,0.39601025530497846,-0.0021282752053062405,-0.0010692436734423907,-3.990210143408873e-05
-0.9109465037186861,1.766923894090327,0.39493015348685545,-0.0023641942301013824,-0.0011867866784896358,-3.5908978473378265e-05
-0.9131450334818131,1.7706978053911662,0.39386646668669506,-0.0025691333479094243,-0.0012888104968548537,-3.171221224705612e-05
-0.915333835070289,1.7744488434825858,0.39281918586230796,-0.0027422872645513283,-0.0013749178391011488,-2.735875440674395e-05
-0.9175120686862759,1.7781753351025273,0.39178830157414757,-0.0028831799654881183,-0.001444876071267899,-2.289577899006564e-05
-0.9196788471009782,1.7818755115203069,0.39077380397754136,-0.0029916572124897636,-0.0014986134112424908,-1.8370185619208736e-05
-0.9218332458497168,1.7855475289080072,0.38977568282414105,-0.0030678762770138942,-0.001536213746302589,-1.3828111198804766e-05
-0.923974313406897,1.7891894886783,0.38879392747365515,-0.003112293107869777,-0.0015579101709113628,-9.314457347686045e-06
-0.9261010812455986,1.7927994575979955,0.387828526916448,-0.003125647147758327,-0.0015640773523080615,-4.872440518827592e-06
-0.9282125736910689,1.7963754874956788,0.3868794698071027,-0.0031089440276474353,-0.00155522283857671,-5.431713033169724e-07
-0.9303078174826528,1.7999156343922458,0.38594674450857785,-0.003063436379624937,-0.0015319774296764918,3.634731203217963e-06
-0.9323858509645573,1.80341797689483,0.3850303391461533,-0.0029906030178573,-0.001495084736371994,7.625484845965004e-06
-0.9344457328322477,1.8068806337073777,0.38413024166997417,-0.002892126743584435,-0.0014453900551162225,1.1396445403222919e-05
-0.9364865503681356,1.8103017801248076,0.38324643992467794,-0.0027698710337386544,-0.0013838286887330824,1.4918359800741181e-05
-0.9385074271074482,1.813679663392137,0.3823789217243321,-0.002625855873850864,-0.0013114138432495756,1.8165569211937848e-05
-0.9405075298827047,1.8170126168249887,0.38152767493073053,-0.0024622329944836447,-0.001229224230483352,2.1116160715138964e-05
-0.9424860752029609,1.8202990726033517,0.3806926875329934,-0.002281260766613521,-0.0011383915040507526,2.375206717576142e-05
-0.9444423349318612,1.8235375731662087,0.3798739477263916,-0.0020852790052965655,-0.0010400876533859895,2.6059115980506197e-05
-0.9463756412364609,1.8267267811504788,0.3790714439883643,-0.0018766839227327113,-0.000935512476223993,2.802702814783676e-05
-0.9482853907866835,1.8298654878335232,0.3782851651498179,-0.0016579034616496576,-0.0008258812448756274,2.9649370153422345e-05
-0.9501710481930844,1.8329526200540667,0.37751510045997216,-0.0014313732279251305,-0.0007124126755988196,3.0923461523869335e-05
-0.952032148678224,1.8359872456016668,0.3767612396432482,-0.0011995132277353754,-0.0005963173035324478,3.185024185420065e-05
-0.9538682999843607,1.838968577079668,0.3760235729469642,-0.0009647055994460111,-0.0004787863581057299,3.2434101385770915e-05
-0.9556791835272783,1.8418959742608059,0.37530209117890134,-0.0007292735141432863,-0.00036098122566176246,3.2682679637541215e-05
-0.9574645548128187,1.8447689449681501,0.37459678573411803,-0.0004954614013387889,-0.0002440235773393931,3.260663681493238e-05
-0.9592242431390466,1.8475871445268015,0.37390764861070913,-0.0002654166381707392,-0.0001289862311436338,3.2219402830715885e-05
-0.9609581506128757,1.8503503738435831,0.3732346724145211,-4.1172821572867516e-05,-1.6884807702376434e-05,3.1536908768874115e-05
-0.9626662505154064,1.8530585761828364,0.37257785035312985,0.00017536527641102523,9.132977044339229e-05,3.057730551525721e-05
-0.9643485850551247,1.8557118327162418,0.3719371762196603,0.00038243498952414114,0.00019477789593866325,2.936067408069392e-05
-0.9660052625524577,1.8583103569333244,0.3713126443672622,0.0005784272133472398,0.0002926569798186957,2.7908731867207155e-05
-0.967636454102971,1.8608544880068902,0.3707042496752597,0.0007618959948913936,0.00038424622025779023,2.624453879145926e-05
-0.9692423897696816,1.8633446832140705,0.37011198750814656,0.0009315662332521989,0.00046891042586634345,2.4392206797299248e-05
-0.9708233543575724,1.865781509518889,0.36953585366870895,0.001086339487489743,0.000546102891861393,2.2376615876993203e-05
-0.9723796828254015,1.86816563442633,0.36897584434662667,0.0012252979058998456,0.0006153673364351311,2.022313929343778e-05
-0.9739117553913131,1.8704978162207415,0.3684319560639207,0.0013477063080529832,0.0006763389132497744,1.7957380267329785e-05
-0.9754199923895928,1.872778893703117,0.36790418561859667,0.001453012467264299,0.0007287443241288313,1.5604921976345687e-05
-0.9769048489361659,1.875009775542345,0.36739253002777195,0.001540845656401187,0.0007724010636340302,1.319109231853112e-05
-0.978366809460148,1.8771914293549772,0.3668969864714815,0.0016110135340284492,0.0008072158342608121,1.074074452796648e-05
-0.9798063821579291,1.8793248706264467,0.36641755223823796,0.0016634974607439646,0.0008331821774075619,8.278054403886677e-06
-0.9812240934249528,1.8814111515840517,0.3659542246732758,0.0016984463470943259,0.0008503773710362833,5.82633462916302e-06
-0.9826204823185437,1.883451350128463,0.3655070011302552,0.001716169144619197,0.0008589586500145589,3.40786641266737e-06
-0.9839960951029137,1.8854465589260627,0.36507587892703147,0.0017171261003098364,0.0008591588094872716,1.0437484928191346e-06
-0.9853514799248224,1.8873978747591886,0.3646608553059303,0.0017019189020508023,0.0008512812552562741,-1.2462366149398325e-06
-0.9866871816653844,1.8893063882253796,0.3642619273988007,0.0016712798484287295,0.0008356945680389773,-3.4437393589401587e-06
-0.9880037370101844,1.8911731738701099,0.36387909219696407,0.001626060180637008,0.0008128266506320596,-5.531943192197355e-06
-0.9893016697762721,1.8929992808303386,0.36351234652603265,0.0015672177170928188,0.0007831585284305641,-7.495648274927189e-06
-0.990581486530776,1.8947857240585482,0.36316168702544543,0.0014958039328392435,0.0007472178744586809,-9.32133922570214e-06
-0.9918436725318589,1.8965334761889456,0.3628271101324626,0.0014129506258684105,0.0007055723300760316,-1.0997237316010496e-05
-0.9930886880185746,1.8982434600991878,0.3625086120702755,0.0013198563112220454,0.0006588226918577398,-1.2513337499158781e-05
-0.9943169648719299,1.8999165422124817,0.3622061888398255,0.0012177724811642525,0.0006075960338389355,-1.3861430655127241e-05
-0.9955289036651314,1.9015535265762982,0.3619198362148862,0.0011079898659486567,0.0005525388324005053,-1.503511142368722e-05
-0.9967248711166802,1.9031551497452805,0.3616495497399431,0.0009918248247977953,0.0004943101585932525,-1.6029771993658383e-05
-0.9979051979556682,1.904722076487343,0.3613953247304077,0.000870605990764195,0.00043357499969641874,-1.6842582220602455e-05
-0.9990701772044028,1.9062548963234902,0.36115715627472084,0.0007456612862440132,0.0003709977683312856,-1.7472456461525666e-05
-1.0002200628793645,1.9077541209036386,0.36093503923793446,0.0006183054181649498,0.00030723605355164463,-1.792000754526365e-05
-1.0013550691075128,1.9092201822127486,0.36072896826640644,0.000489827953374427,0.00024293466406270192,-1.8187488342065632e-05
-1.0024753696511475,1.91065343159395,0.3605389377932982,0.00036148206561898875,0.00017872000913249283,-1.8278721455368835e-05
-1.0035810978309256,1.9120541395681154,0.360364942044626,0.00023447403584094263,0.00011519485791008727,-1.819901763179052e-05
-1.0046723468332515,1.9134224964225723,0.36020697504567717,0.00010995357743386964,5.293351280819964e-05,-1.7955083570039953e-05
-1.0057491703851402,1.9147586135353791,0.36006503062766776,-1.0994952294795595e-05,-7.522572600422422e-06,-1.7554919903119212e-05
-1.0068115837767941,1.9160625253958745,0.35993910243457355,-0.0001273604037990641,-6.566870602857955e-05,-1.7007710227622893e-05
-1.007859565209579,1.9173341922770666,0.35982918393012203,-0.00023821171013813902,-0.00012104037946636243,-1.6323702155541558e-05
-1.0088930574448196,1.9185735035109013,0.35973526840497644,-0.000342703755693034,-0.0001732161882630025,-1.551408146387191e-05
-1.0099119697269037,1.9197802813135385,0.3596573489841798,-0.00044008222002224836,-0.00022182023712386177,-1.4590840511631141e-05
-1.0109161799525472,1.9209542851045023,0.3595954186349536,-0.0005296873884767099,-0.000266524029022388,-1.3566642178766164e-05
-1.0119055370567887,1.9220952162609586,0.3595494701749606,-0.0006109569312503023,-0.00030704783805051957,-1.2454680653405525e-05
-1.0128798635852987,1.9232027232464046,0.3595194962811468,-0.0006834276622163704,-0.00034316157206174544,-1.1268540449784458e-05
-1.0138389584219456,1.9242764070517295,0.3595054894992732,-0.0007467362981152277,-0.00037468513556035123,-1.0022055076355147e-05
-1.0147825996402224,1.925315826885929,0.3595074422542334,-0.000800619247342598,-0.0004014883076234565,-8.729166790045006e-06
-1.015710547447118,1.9263205060536737,0.3595253468612322,-0.000844911465681422,-0.0004234901536781388,-7.403788866976351e-06
-1.0166225471882833,1.9272899379574617,0.3595591955378708,-0.000879544423764701,-0.00044065799366709116,-6.059671791534866e-06
-1.0175183323839043,1.928223592163179,0.3596089804171511,-0.0009045432378083786,-0.00045300595249973233,-4.710274714494919e-06
-1.0183976277655162,1.9291209204695163,0.35967469356137666,-0.0009200230211721633,-0.00046059312168243786,-3.3686434576822806e-06
-1.0192601522850668,1.9299813629238334,0.3597563269768874,-0.0009261845195626043,-0.00046352136363671785,-2.047296248721575e-06
-1.0201056220688474,1.9308043537296473,0.3598538726295305,-0.0009233090971647896,-0.00046193279243696405,-7.58118256696131e-07
-1.020933753290426,1.9315893269939515,0.35996732246073143,-0.000911753144663096,-0.0004560069665231558,4.87734129544325e-07
-1.021744264938424,1.9323357222659618,0.36009666840400034,-0.0008919419829819482,-0.00044595783036597024,1.679918481340797e-06
-1.0225368814568494,1.9330429898226258,0.3602419024016785,-0.0008643633386466609,-0.000432030443083313,2.8089803224470696e-06
-1.0233113352377128,1.933710595660241,0.3604030164217103,-0.0008295604679418728,-0.0004144975326332766,3.866415447734132e-06
-1.024067368947792,1.9343380261557876,0.36058000247421024,-0.00078812500754761,-0.0003936559144474644,4.844720246547318e-06
-1.0248047376736236,1.9349247923660213,0.3607728526275862,-0.0007406896290841435,-0.0003698228132322831,5.737429873200751e-06
-1.0255232108711092,1.9354704339369522,0.36098155902397977,-0.0006879205740262506,-0.0003433321261691711,6.539144268513506e-06
-1.0262225741084525,1.9359745226010165,0.3612061138937911,-0.0006305101437907363,-0.0003145306649055382,7.245542191769355e-06
-1.026902630593512,1.9364366652439575,0.36144650956906726,-0.000569169217498728,-0.00028377441256687415,7.8533835692533e-06
-1.0275632024790076,1.9368565065281518,0.3617027384955543,-0.0005046198670116109,-0.0002514248305596478,8.360500601167933e-06
-1.0282041319413597,1.9372337310637864,0.36197479324323595,-0.0004375881353857651,-0.0002178452481989752,8.76577819124104e-06
-1.0288252820312243,1.937568065123869,0.3622626665152135,-0.0003687970409391904,-0.00018339736621092998,9.069124371111697e-06
-1.029426537296017,1.9378592779035064,0.3625663511548108,-0.000298959864728109,-0.00014843790295455018,9.271431483478961e-06
-1.030007804176855,1.938107182328173,0.3628858401508274,-0.00022877377445134687,-0.00011331540981188524,9.37452896331587e-06
-1.0305690111843921,1.9383116354197685,0.3632211266408967,-0.00015891383269385807,-7.836727963540788e-05,9.381128614925498e-06
-1.0311101088599384,1.9384725382331236,0.36357220391294176,-9.002743204825746e-05,-4.391696945081763e-05,9.294763324388799e-06
-1.0316310695300566,1.9385898353792015,0.3639390654047621,-2.272919407506021e-05,-1.0271455819890744e-05,9.119720172539671e-06
-1.0321318868644715,1.9386635141545483,0.36432170470181163,4.2403636661364837e-05,2.2281061597364036e-05,8.860968923843785e-06
-1.0326125752486295,1.938693603299554,0.3647201155332645,0.00010483527805402022,5.347319564975114e-05,8.524086862570053e-06
-1.0330731689835828,1.9386801714107644,0.36513429176649187,0.00016407495582270763,8.306013676080808e-05,8.11518093076303e-06
-1.0335137213270356,1.9386233250348246,0.3655642274000935,0.00021967989501292518,0.00011082114064979037,7.640808094246901e-06
-1.0339343033903916,1.9385232064736435,0.36600991655565135,0.0002712577495740401,0.00013656073476888694,7.107894824814706e-06
-1.034335002907452,1.9383799913320072,0.3664713534683843,0.00031846846756229436,0.00016010964231574155,6.523656540524496e-06
-1.0347159228910618,1.9381938858401666,0.3669485324768911,0.00036102559492920774,0.0001813254253872244,5.895517793274666e-06
-1.0350771801944634,1.9379651239848605,0.3674414480121778,0.000398697026045685,0.0002000928514339958,5.231033935148156e-06
-1.0354189039943997,1.937693964482826,0.36795009458616224,0.0004313052140358675,0.00021632398963535227,4.537814933890325e-06
-1.0357412342131382,1.937380687631094,0.3684744667798446,0.0004587268586157127,0.0002299580461217899,3.8234519446816075e-06
-1.036044319896527,1.9370255920682797,0.369014559231328,0.00048089209341689517,0.00024096094911239078,3.095447181295379e-06
-1.0363283175649918,1.93662899148067,0.36957036662385767,0.0004977831986986631,0.0002493246969914501,2.3611475658361484e-06
-1.0365933895540203,1.9361912112862043,0.37014188367403755,0.0005094328688850264,0.00025506648411186786,1.6276825733975988e-06
-1.0368397023601756,1.9357125853284436,0.37072910512036367,0.0005159220674928344,0.00025822762067213677,9.019066268479146e-07
-1.0370674250080487,1.9351934526113608,0.37133202571219914,0.0005173775047232578,0.00025887226436196927,1.9034633805101125e-07
-1.037276727452793,1.9346341541042773,0.3719506401992957,0.0005139687752646984,0.0002570859826036506,-5.008471644875746e-07
-1.0374677790320235,1.9340350296445399,0.37258494332194775,0.0005059051956934889,0.00025297416512928546,-1.1659406351033815e-06
-1.0376407469798865,1.9333964149636067,0.3732349298018489,0.0004934323822584913,0.00024666030732754845,-1.7996557018298774e-06
-1.0377957950150623,1.9327186388601054,0.37390059433370026,0.0004768286107996223,0.0002382841852688262,-2.397200360749935e-06
-1.0379330820133272,1.932002020541191,0.3745819315776063,0.00045640100108521996,0.00022799994357819114,-2.9542949311316066e-06
-1.0380527607741235,1.9312468671511571,0.3752789361522763,0.00043248156796959515,0.0002159741173768672,-3.4671924712678843e-06
-1.0381549768893499,1.9304534715038,0.3759916026290397,0.0004054231814842254,0.00020238360936185285,-3.93269369522793e-06
-1.0382398677213276,1.9296221100325135,0.37671992552666717,0.0003755954773012955,0.0001874136427489885,-4.348156468877677e-06
-1.0383075614956014,1.928753040969525,0.3774638993069854,0.00034338075796711134,0.0001712557102772752,-4.711499999733219e-06
-1.0383581765129635,1.927846502763108,0.37822351837126067,0.0003091699239184939,0.0001541055387733518,-5.021203869634162e-06
-1.0383918204837805,1.9269027127390372,0.37899877705732526,0.0002733584715931454,0.00013616108791755603,-5.276302091986137e-06
-1.0384085899864615,1.9259218660100195,0.37978966963741156,0.000236342593952801,0.00011762060085082892,-5.476372406489173e-06
-1.038408570050647,1.924904134634359,0.38059619031666203,0.00019851541648510405,9.868072312960491e-05,-5.621521053850249e-06
-1.0383918338645088,1.9238496670227172,0.38141833323227553,0.0001602633992673028,7.953470528919987e-05,-5.712363300922385e-06
-1.0383584426044083,1.9227585875895263,0.3822560924532561,0.00012196293299387623,6.0370702931006994e-05,-5.750000012908353e-06
-1.038308445384054,1.9216309966434333,0.3831094619807268,8.397715402356155e-05,4.137018682133889e-05,-5.735990593550562e-06
-1.0382418793192907,1.9204669705091029,0.3839784357487749,4.665300052186862e-05,2.270647399648216e-05,-5.672322636390428e-06
-1.0381587697036938,1.9192665618708,0.3848630076257937,1.0318528695974033e-05,4.543389325956432e-06,-5.561378649975929e-06
-1.0380591302892774,1.9180298003264307,0.3857631714162914,-2.4719495027416982e-05,-1.2965934589553002e-05,-5.4059002370580236e-06
-1.0379429636658364,1.9167566931391467,0.3866789208631353,-5.8177713211939115e-05,-2.968011290152121e-05,-5.208950122068342e-06
-1.0378102617317475,1.9154472261722248,0.3876102496502028,-8.979799852483466e-05,-4.547041468774117e-05,-4.97387243224012e-06
-1.0376610062484621,1.9141013649917225,0.3885571514054119,-0.00011934897042775544,-6.0221516706684416e-05,-4.704251645367633e-06
-1.0374951694704,1.912719056120391,0.3895196197041022,-0.00014662720422235447,-7.383210317299438e-05,-4.403870621174149e-06
-1.0373127148415608,1.9113002284255067,0.39049764807274007,-0.0001714581322484269,-8.621531150475373e-05,-4.076668133395343e-06
-1.0371135977498456,1.9098447946226416,0.39149122999291874,-0.00019369663994475578,-9.729902544831472e-05,-3.7266963158583587e-06
-1.0368977663298693,1.9083526528769645,0.3925003589056241,-0.00021322736226355018,-0.0001070260183753329,-3.3580784279824048e-06
-1.036665162304922,1.9068236884834047,0.3935250282157349,-0.000229964688556995,-0.00011535395085851088,-2.974967333248532e-06
-1.0364157218587067,1.9052577756069522,0.3945652312967244,-0.00024385248650972993,-0.00012225522785787885,-2.5815050683591046e-06
-1.0361493765275451,1.903654779064484,0.39562096149552906,-0.00025486355795715593,-0.00012771672197980262,-2.1817838611786217e-06
-1.0358660541038835,1.9020145561297852,0.39669221213754585,-0.0002629988414918285,-0.00013173937029912418,-1.779808932335605e-06
-1.035565679542164,1.9003369583438896,0.39777897653171956,-0.0002682863786068003,-0.00013433765315492023,-1.3794633888557301e-06
-1.035248175858427,1.8986218333134641,0.3988812479756781,-0.00027078006174605806,-0.00013553896413758142,-9.84475488736759e-07
-1.0349134650153822,1.8968690264806993,0.39999901976087265,-0.0002705581840210514,-0.00013538288117575872,-5.983885233674611e-07
-1.0345614687851263,1.8950783828490445,0.4011322851776781,-0.0002677218115041168,-0.00013392034920392372,-2.2453353058181429e-07
-1.034192109582183,1.8932497486501119,0.40228103752040856,-0.000262392999922107,-0.0001312127853437644,1.3399498459267207e-07
-1.0338053112600833,1.8913829729381604,0.4034452700922012,-0.00025471287824685565,-0.000127331117865487,4.7436018128339376e-07
-1.0334009998652975,1.8894779090997567,0.4046249762097257,-0.00024483962211560356,-0.00012235477040952703,7.940007634590674e-07
-1.0329791043429604,1.88753441626745,0.40582014920767245,-0.0002329463402186891,-0.00011637060304748573,1.0906455447292929e-06
-1.0325395571894844,1.8855523606276265,0.4070307824429803,-0.0002192188967702005,-0.00010947182174659629,1.3623246691433062e-06
-1.0320822950478372,1.8835316166140477,0.4082568692987626,-0.00020385369293833216,-0.00010175686767893623,1.6073774960761846e-06
-1.0316072592419565,1.8814720679799826,0.4094984031878969,-0.0001870554296660554,-9.332829759005199e-05,1.8244571921291323e-06
-1.031114396247476,1.8793736087432353,0.41075537755624564,-0.00016903487367116277,-8.429166611755067e-05,2.012532106028629e-06
-1.0306036580966385,1.8772361439997804,0.4120277858854816,-0.0001500066475909494,-7.475442053515493e-05,2.1708840334164563e-06
-1.0300750027159775,1.875059590603117,0.41331562169549424,-0.00013018706424516976,-6.482481789893246e-05,2.299103506859457e-06
-1.0295283941960247,1.8728438777078218,0.4146188785463624,-0.00010979202384692576,-5.4610873997659524e-05,2.3970822721095747e-06
-1.0289638029929782,1.8705889471771187,0.4159375500398804,-8.903499171114833e-05,-4.42193528667405e-05,2.4650031344040977e-06
-1.0283812060629047,1.8682947538555736,0.4172716298206331,-6.812507261136751e-05,-3.375480492331921e-05,2.503327378263485e-06
-1.0277805869296703,1.8659612657092552,0.4186211115766208,-4.7265196435056334e-05,-2.331866102795262e-05,2.512779980727411e-06
-1.0271619356883692,1.8635884638368638,0.4199859890394399,-2.6650428203844304e-05,-1.3008388984415756e-05,2.494332851231492e-06
-1.0265252489465688,1.8611763423564305,0.42136625598403143,-6.466413875312191e-06,-2.916718162865264e-06,2.44918634138207e-06
-1.0258705297061947,1.858724908173181,0.42276190622801413,1.3112028354136133e-05,6.869062918308506e-06,2.378749274796259e-06
-1.0251977871893265,1.8562341806350908,0.42417293363062486,3.192216325292935e-05,1.6267732081187753e-05,2.284617751043825e-06
-1.024507036611596,1.8537041910834677,0.4255993320912911,4.9814434011712604e-05,2.5204678947402695e-05,2.1685529786973446e-06
-1.0237982989072334,1.8511349823066305,0.42704109554786673,6.665339343688253e-05,3.3612368135504485e-05,2.03245839073956e-06
-1.0230716004101172,1.848526607905368,0.42849821797456317,8.231846807732883e-05,4.143071882213252e-05,1.8783562912884622e-06
-1.0223269724954431,1.845879131579379,0.42997069337961125,9.670455416005057e-05,4.860740013178211e-05,1.7083642759965194e-06
-1.0215644511868205,1.8431926263443084,0.43145851580269184,0.00010972244583838402,5.5098042633775186e-05,1.5246716597884987e-06
-1.0207840767337746,1.8404671736892915,0.4329616793121723,0.00012129909782057792,6.0866367006565305e-05,1.3295161350572557e-06
-1.0199858931647094,1.8377028626851286,0.4344801780021887,0.00013137772593396077,6.58842316725715e-05,1.1251608712759401e-06
-1.019169947820449,1.8348997890532994,0.4360140059896122,0.00013991775057971306,7.013160190571826e-05,9.138722534428968e-07
-1.0183362908734659,1.832058054206033,0.4375631574109377,0.00014689458933527373,7.359644356377068e-05,6.978984420809121e-07
-1.0174849748378534,1.829177764267543,0.4391276264191314,0.00015229930615695008,7.627454519404575e-05,4.794489218849812e-07
-1.0166160540750027,1.826259029086352,0.44070740718047335,0.00015613812571696137,7.816927280047019e-05,2.606751897606008e-07
-1.0157295842998098,1.8233019612483492,0.44230249387142845,0.00015843182237087377,7.929126203922872e-05,4.365271611275941e-08
-1.0148256220920469,1.8203066750998682,0.4439128806755753,0.0001592149940884682,7.965805302707015e-05,-1.6963570398470654e-07
-1.0139042244173266,1.8172732857896383,0.44553856178062423,0.0001585352323901711,7.92936732990558e-05,-3.773151105225496e-07
-1.0129654481618262,1.8142019083379628,0.44717953137554783,0.00015645219991023554,7.822817474014448e-05,-5.776319674186525e-07
-1.0120093496846614,1.8110926567409136,0.4488357836478485,0.0001530366276561696,7.649713053717625e-05,-7.689661160714852e-07
-1.0110359843914936,1.8079456431167253,0.4505073127809825,0.00014836924435199388,7.414109835482284e-05,-9.498410462691451e-07
-1.0100454063326176,1.8047609769009008,0.45219411295195755,0.00014253965044251749,7.120505603181377e-05,-1.1189324538759401e-06
-1.0090376678284327,1.8015387640958507,0.45389617832911894,0.00013564514939984524,6.773781612368643e-05,-1.275075071027989e-06
-1.0080128191248323,1.798279106580164,0.4556135030701351,0.00012778954891573194,6.379142558745376e-05,-1.4172677703384163e-06
-1.0069709080806752,1.7949821014818514,0.4573460813201918,0.0001190819443891633,5.942055681443972e-05,-1.544676959756912e-06
-1.005911979889118,1.7916478406191474,0.4590939072104011,0.00010963549683355482,5.4681896073066856e-05,-1.6566382991704693e-06
-1.0048360768342062,1.7882764100116861,0.4608569748564302,9.956621693894752e-05,4.9633535226972474e-05,-1.7526567835007595e-06
-1.0037432380837346,1.7848678894641024,0.4626352783573496,8.899176653899683e-05,4.43343723492239e-05,-1.832405249883052e-06
-1.0026334995190123,1.781422352223343,0.4644288117947038,7.803028815850672e-05,3.884352656466863e-05,-1.8957213784408738e-06
-1.0015068936017932,1.7779398647102462,0.46623756923179915,6.679927266338248e-05,3.321977212392145e-05,-1.942603267143129e-06
-1.0003634492782731,1.7744204863252075,0.46806154471320766,5.5414474310252656e-05,2.7520996348711113e-05,-1.9732036711942927e-06
-0.999203191919711,1.7708642693270717,0.46990073226448026,4.398888170704805e-05,2.1803685694001197e-05,-1.987823006316027e-06
-0.9980261432988993,1.767271258783727,0.4717551258920636,3.2631752358179934e-05,1.6122443752296674e-05,-1.986901223087992e-06
-0.9968323216013995,1.7636414925922512,0.47362471958341196,2.1447717588415944e-05,1.0529544584750423e-05,-1.971008666189884e-06
-0.9956217414701706,1.759975001565893,0.47550950730728647,1.053596372793525e-05,5.074524307009415e-06,-1.940836037895604e-06
-0.9943944140819526,1.7562718095846246,0.47740948301423064,-1.0505492873519909e-08,-1.9618660992276724e-07,-1.897183589490547e-06
-0.9931503472535287,1.7525319338055354,0.4793246406372124,-1.0105521336902938e-05,-5.239588337369237e-06,-1.8409496673991008e-06
-0.9918895455757727,1.7487553849289017,0.4812549740924205,-1.9670314190015032e-05,-1.001639247408806e-05,-1.7731187427148833e-06
-0.990612010573207,1.7449421675153873,0.48320047728020327,-2.863398731891244e-05,-1.4491257579942526e-05,-1.694749053523986e-06
-0.9893177408866344,1.741092280349525,0.4851611440861372,-3.693389907875695e-05,-1.8632978884122574e-05,-1.6069599889146505e-06
-0.9880067324762807,1.7372057168443633,0.48713696838221165,-4.451595329893608e-05,-2.241463204723847e-05,-1.5109193418988931e-06
-0.986678978842784,1.7332824654819543,0.4891279440281157,-5.133479845174462e-05,-2.581367129456038e-05,-1.4078305556674623e-06
-0.9853344712632948,1.7293225102842291,0.4911340648726139,-5.7353937047482113e-05,-2.881198265667978e-05,-1.2989200837045998e-06
-0.9839731990399082,1.7253258313087025,0.4931553247549945,-6.254574749402732e-05,-3.1395893450657316e-05,-1.1854249793601082e-06
-0.9825951497576367,1.7212924051634297,0.49519171750657737,-6.689142140344634e-05,-3.355613950636252e-05,-1.0685808245801982e-06
-0.9812003095491384,1.7172222055356532,0.4972432369522658,-7.03808200174212e-05,-3.5287791986613196e-05,-9.496101007126818e-07
-0.9797886633634598,1.7131152037286514,0.49930987691212725,-7.301225405275935e-05,-3.659014596365315e-05,-8.297110967124419e-07
-0.9783601952361087,1.7089713692014272,0.5013916312029884,-7.479219183419782e-05,-3.7466573196594495e-05,-7.100474417741289e-07
-0.9769148885578613,1.7047906701060365,0.5034884936400293,-7.573490108112285e-05,-3.792434180319604e-05,-5.917383405119939e-07
-0.9754527263398132,1.7005730738175757,0.5056004580383644,-7.586203014539809e-05,-3.7974405733616944e-05,-4.7584957939842463e-07
-0.9739736914723087,1.6963185474520932,0.5077275182145918,-7.520213485767406e-05,-3.7631167132813305e-05,-3.6338536337407377e-07
-0.972477766975531,1.6920270583679764,0.5098696679883038,-7.379015742850807e-05,-3.691221482162464e-05,-2.5528103146679406e-07
-0.9709649362396883,1.6876985746466873,0.5120269011835399,-7.166686406822084e-05,-3.583804223427736e-05,-1.5239669001819053e-07
-0.9694351832529122,1.6833330655490608,0.5141992116301741,-6.887824813620268e-05,-3.443174822229459e-05,-5.5511791829112996e-08
-0.9678884928151635,1.6789305019437515,0.5163865931652243,-6.547490570755186e-05,-3.271872417225644e-05,3.467932069008702e-08
-0.9663248507366368,1.674490856704799,0.5185890396340718,-6.151139045428723e-05,-3.072633088841531e-05,1.1757090033467309e-07
-0.9647442440193564,1.6700141050756876,0.5208065448915861,-5.70455546823117e-05,-2.8483568662038792e-05,1.9264830964053206e-07
-0.9631466610208642,1.6655002249976822,0.5230391028031425,-5.2137883246721305e-05,-2.6020743888992948e-05,2.5948957631079116e-07
-0.9615320915991036,1.660949197400649,0.5252867072455283,-4.685082689035587e-05,-2.336913550719937e-05,3.177660096677924e-07
-0.959900527237821,1.6563610064549759,0.5275493521077323,-4.1248141317501336e-05,-2.0560664408122334e-05,3.6724190669184257e-07
-0.958251961152009,1.6517356397836394,0.5298270312916126,-3.539423803059213e-05,-1.762756883348189e-05,4.0777338403147744e-07
-0.9565863883731238,1.6470730886338654,0.5321197387124399,-2.93535526271689e-05,-1.4602088602222268e-05,4.393063795291271e-07
-0.9549038058140109,1.6423733480082365,0.5344274682993168,-2.318993588203331e-05,-1.1516160825804337e-05,4.61873873251431e-07
-0.9532042123136637,1.6376364167554855,0.5367502139954701,-1.6966072530544826e-05,-8.401129564658954e-06,4.7559238370601853e-07
-0.9514876086621279,1.6328622976215892,0.5390879697584197,-1.0742932228516937e-05,-5.287471657735855e-06,4.806577998378961e-07
-0.9497539976060416,1.6280509972621233,0.5414407295600264,-4.579256697498812e-06,-2.204540723165763e-06,4.773406135104949e-07
-0.948003383835462,1.6232025262171774,0.543808487386421,1.4689134232716823e-06,8.196689161969649e-07,4.659806204808512e-07
-0.9462357739527855,1.618316898850425,0.5461912372378205,7.348668999925744e-06,3.7587368804869072e-06,4.4698116037676663e-07
-0.9444511764247081,1.6133941332542368,0.5485889731282373,1.3010617596841202e-05,6.588008708830511e-06,4.2080296788645357e-07
-0.9426496015182956,1.6084342511229608,0.551001689085089,1.840922145222237e-05,9.284764177964803e-06,3.8795770829688514e-07
-0.9408310612223464,1.6034372775967338,0.5534293791487133,2.3503086767215878e-05,1.1828361236943913e-05,3.490012706917645e-07
-0.9389955691553246,1.5984032410783648,0.5558720373718004,2.8255203352341655e-05,1.4200355087968784e-05,3.0452689157672497e-07
-0.9371431404612222,1.593332173026003,0.5583296578187488,3.263313417830065e-05,1.6384592195027914e-05,2.5515818047648015e-07
-0.9352737916947719,1.5882241077244275,0.5608022345649548,3.660915486744193e-05,1.8367279246583206e-05,2.0154211718984213e-07
-0.9333875406974821,1.583079082037897,0.563289761696046,4.0160343633229255e-05,2.0137027333925885e-05,1.4434208794139288e-07
-0.9314844064659978,1.5778971351475626,0.5657922333070668,4.326862262415517e-05,2.1684871831174726e-05,8.423102468407576e-08
-0.9295644090143104,1.5726783082764824,0.5683096435016277,4.5920752052273776e-05,2.3004268674478236e-05,2.1884708338449616e-08
-0.9276275692313387,1.5674226444052894,0.5708419863910272,4.810827888178513e-05,2.409106793528181e-05,-4.2024707143132015e-08
-0.9256739087353961,1.5621301879815306,0.5733892560933563,4.982744221721416e-05,2.4943465764188046e-05,-1.0683489726943135e-07
-0.923703449727029,1.5568009846256536,0.5759514467325952,5.1079037861382524e-05,2.5561935946829406e-05,-1.718992480289074e-07
-0.9217162148416749,1.5514350808365391,0.5785285524377112,5.186824480867246e-05,2.5949142460341726e-05,-2.365923722490694e-07
-0.9197122270035372,1.5460325236993702,0.5811205673417651,5.220441669752796e-05,2.6109834547731367e-05,-3.003152231625398e-07
-0.9176915092820118,1.540593360598512,0.5837274855810383,5.210084146663618e-05,2.6050725937126383e-05,-3.624997722463401e-07
-0.9156540847519269,1.5351176389379317,0.5863493012941834,5.1574472641079416e-05,2.5780359923249733e-05,-4.2261322369817473e-07
-0.9135999763587753,1.5296054058715165,0.5889860086214088,5.064563581764165e-05,2.5308962099303074e-05,-4.801617432562831e-07
-0.9115292067900305,1.5240567080454799,0.5916376017037024,4.933771402245994e-05,2.464828257884417e-05,-5.346936844085327e-07
-0.9094417983535388,1.518471591354842,0.5943040746820994,4.7676815679768096e-05,2.3811429579403573e-05,-5.858023003251234e-07
-0.907337772863876,1.512850100715772,0.5969854216970025,4.569142895836837e-05,2.2812696252914123e-05,-6.331279350432502e-07
-0.9052171515374527,1.507192279855361,0.5996816368875543,4.341206625379692e-05,2.166738264308e-05,-6.763596924897551e-07
-0.9030799548970389,1.501498171120178,0.6023927143910688,4.087090252033238e-05,2.0391614627303322e-05,-7.152365868103889e-07
-0.9009262026862641,1.4957678153047267,0.6051186483425248,3.810141108972933e-05,1.9002161661568106e-05,-7.495481821460004e-07
-0.8987559137945398,1.4900012515006995,0.6078594328741211,3.513800050478643e-05,1.7516255091732154e-05,-7.791347344239434e-07
-0.8965691061927283,1.4841985169676937,0.6106150621148985,3.201565575775749e-05,1.595140872508867e-05,-8.038868518875225e-07
-0.8943657968797792,1.4783596470258273,0.6133855301904261,2.8769587158553086e-05,1.4325243273022628e-05,-8.237446949409526e-07
-0.8921460018404321,1.4724846749704705,0.6161708312225549,2.543488986820163e-05,1.2655316180373394e-05,-8.386967394187754e-07
-0.8899097360139857,1.4665736320090903,0.6189709593292367,2.2046216921818346e-05,1.0958958251069064e-05,-8.487781305770513e-07
-0.8876570132740225,1.4606265472200028,0.6217859086244087,1.86374683351541e-05,9.253118364113857e-06,-8.540686579323943e-07
-0.885387846418882,1.4546434475326193,0.6246156732179405,1.5241498642525818e-05,7.554217450521203e-06,-8.546903835308265e-07
-0.8831022471725816,1.4486243577285927,0.6274602472156438,1.1889844954476954e-05,5.878012771749552e-06,-8.508049583018007e-07
-0.8808002261957942,1.4425693004630917,0.6303196247193403,8.612477353807556e-06,4.239473405080381e-06,-8.426106628372966e-07
-0.8784817931064146,1.436478296305269,0.6331937998269878,5.4375731715691956e-06,2.652667702638824e-06,-8.303392102287193e-07
-0.8761469565091691,1.4303513637968397,0.6360827666328558,2.391316403120035e-06,1.1306633498381626e-06,-8.142523494960792e-07
-0.8737957240336617,1.4241885195275634,0.6389865192277551,-5.022767587998763e-07,-3.1455949266126236e-07,-7.946383086584784e-07
-0.8714281023801895,1.4179897782262947,0.6419050516993093,-3.2215055790538057e-06,-1.6721816204845565e-06,-7.718081166294639e-07
-0.8690440973726115,1.4117551528661823,0.6448383581322695,-5.747105206557714e-06,-2.932604586764781e-06,-7.46091842885885e-07
-0.8666437140175156,1.4054846547825037,0.6477864326088665,-8.062339727713822e-06,-4.087496805298966e-06,-7.178347932678669e-07
-0.8642269565688965,1.399178293801567,0.650749269209194,-1.0153067965914253e-05,-5.129826019609084e-06,-6.873936993368654e-07
-0.8617938285975321,1.3928360783790583,0.653726862011621,-1.2007782399041964e-05,-6.053878328204678e-06,-6.551329374676599e-07
-0.8593443330642344,1.3864580157461834,0.656719205093227,-1.3617621807016592e-05,-6.855264076271448e-06,-6.214208123001965e-07
-0.856878472396141,1.3800441120619478,0.659726292530255,-1.4976358487031271e-05,-7.5309110366410125e-06,-5.866259373523442e-07
-0.8543962485652167,1.3735943725699054,0.6627481183985787,-1.608036108360093e-05,-8.079045407434933e-06,-5.511137435208329e-07
-0.8518976631681452,1.3671088017577395,0.6657846767741776,-1.6928534272506293e-05,-8.499161249528715e-06,-5.152431439025365e-07
-0.8493827175068057,1.360587403518068,0.6688359617336168,-1.7522236710995033e-05,-8.791979073365953e-06,-4.793633808809412e-07
-0.8468514126685522,1.3540301813089057,0.6719019673545259,-1.7865178820239025e-05,-8.95939436119486e-06,-4.4381107877317596e-07
-0.8443037496055481,1.347437138312287,0.6749826877160723,-1.7963302099309873e-05,-9.004416877135573e-06,-4.089075225523538e-07
-0.8417397292124392,1.340808277589617,0.6780781168994268,-1.7824641782308616e-05,-8.931101673362683e-06,-3.749561802793972e-07
-0.8391593524016949,1.3341436022324054,0.6811882489882136,-1.7459174741469453e-05,-8.744472745957298e-06,-3.422404839293985e-07
-0.8365626201759899,1.3274431155071262,0.684313078068945,-1.687865460896477e-05,-8.45044032860554e-06,-3.110218803110003e-07
-0.8339495336970516,1.3207068209930555,0.687452598231435,-1.6096436138882577e-05,-8.055712836357367e-06,-2.8153816078373737e-07
-0.8313200943504536,1.3139347227120366,0.6906068035691881,-1.5127290858741786e-05,-7.5677044852690774e-06,-2.540020755072811e-07
-0.8286743038058897,1.3071268252492476,0.6937756881797634,-1.398721606744835e-05,-6.994439617187103e-06,-2.2860023503660943e-07
-0.8260121640725259,1.3002831338641545,0.6969592461651072,-1.2693239224450056e-05,-6.344454752527255e-06,-2.0549229923496344e-07
-0.823333677549086,1.2934036545909646,0.7001574716318559,-1.1263219743848845e-05,-5.626699378081459e-06,-1.848104507373698e-07
-0.8206388470683916,1.2864883943280137,0.7033703586916057,-9.715650158357176e-06,-4.850436452135983e-06,-1.6665914758464217e-07
-0.8179276759361364,1.2795373609156442,0.7065979014611462,-8.06945855235212e-06,-4.0251435760692215e-06,-1.5111514718224355e-07
-0.8152001679637407,1.2725505632022625,0.7098400940626602,-6.343814082116207e-06,-3.1604157407309816e-06,-1.3822779143898583e-07
-0.8124563274951914,1.26552801109838,0.7130969306238863,-4.557937305990108e-06,-2.265870507957067e-06,-1.280195408236776e-07
-0.8096961594278318,1.2584697156185676,0.7163684052782449,-2.730916939016327e-06,-1.3510564332524115e-06,-1.204867431574171e-07
-0.8069196692271277,1.2513756889113672,0.7196545121649277,-8.815345272102725e-07,-4.253654757286472e-07,-1.1560062124663456e-07
